Id,First,Last,Email,Company
294,Musonda,Mwemba,mm@example.com,Fox
294,Musonda,Mwemba,mm@example.com,Fox
294,Musonda,Mwemba,mm@example.com,Fox
294,Musonda,Mwemba,mm@example.com,Fox
294,Musonda,Mwemba,mm@example.com,Fox
294,Musonda,Mwemba,mm@example.com,Fox
294,Musonda,Mwemba,mm@example.com,Fox
294,Musonda,Mwemba,mm@example.com,Fox
294,Musonda,Mwemba,mm@example.com,Fox
294,Musonda,Mwemba,mm@example.com,Fox
294,Musonda,Mwemba,mm@example.com,Fox
294,Musonda,Mwemba,mm@example.com,Fox
294,Musonda,Mwemba,mm@example.com,Fox
294,Musonda,Mwemba,mm@example.com,Fox
294,Musonda,Mwemba,mm@example.com,Fox
294,Musonda,Mwemba,mm@example.com,Fox
294,Musonda,Mwemba,mm@example.com,Fox
294,Musonda,Mwemba,mm@example.com,Fox
294,Musonda,Mwemba,mm@example.com,Fox
294,Musonda,Mwemba,mm@example.com,Fox
294,Musonda,Mwemba,mm@example.com,Fox
294,Musonda,Mwemba,mm@example.com,Fox
294,Musonda,Mwemba,mm@example.com,Fox
294,Musonda,Mwemba,mm@example.com,Fox
294,Musonda,Mwemba,mm@example.com,Fox
294,Musonda,Mwemba,mm@example.com,Fox
294,Musonda,Mwemba,mm@example.com,Fox
294,Musonda,Mwemba,mm@example.com,Fox
294,Musonda,Mwemba,mm@example.com,Fox
294,Musonda,Mwemba,mm@example.com,Fox
294,Musonda,Mwemba,mm@example.com,Fox
294,Musonda,Mwemba,mm@example.com,Fox
294,Musonda,Mwemba,mm@example.com,Fox
294,Musonda,Mwemba,mm@example.com,Fox
294,Musonda,Mwemba,mm@example.com,Fox
294,Musonda,Mwemba,mm@example.com,Fox
294,Musonda,Mwemba,mm@example.com,Fox
294,Musonda,Mwemba,mm@example.com,Fox
294,Musonda,Mwemba,mm@example.com,Fox
294,Musonda,Mwemba,mm@example.com,Fox
294,Musonda,Mwemba,mm@example.com,Fox
294,Musonda,Mwemba,mm@example.com,Fox
294,Musonda,Mwemba,mm@example.com,Fox
294,Musonda,Mwemba,mm@example.com,Fox
294,Musonda,Mwemba,mm@example.com,Fox
294,Musonda,Mwemba,mm@example.com,Fox
294,Musonda,Mwemba,mm@example.com,Fox
294,Musonda,Mwemba,mm@example.com,Fox
294,Musonda,Mwemba,mm@example.com,Fox
294,Musonda,Mwemba,mm@example.com,Fox
294,Musonda,Mwemba,mm@example.com,Fox
294,Musonda,Mwemba,mm@example.com,Fox
294,Musonda,Mwemba,mm@example.com,Fox
294,Musonda,Mwemba,mm@example.com,Fox
294,Musonda,Mwemba,mm@example.com,Fox
294,Musonda,Mwemba,mm@example.com,Fox
294,Musonda,Mwemba,mm@example.com,Fox
294,Musonda,Mwemba,mm@example.com,Fox
294,Musonda,Mwemba,mm@example.com,Fox
294,Musonda,Mwemba,mm@example.com,Fox
294,Musonda,Mwemba,mm@example.com,Fox
294,Musonda,Mwemba,mm@example.com,Fox
294,Musonda,Mwemba,mm@example.com,Fox
294,Musonda,Mwemba,mm@example.com,Fox
294,Musonda,Mwemba,mm@example.com,Fox
294,Musonda,Mwemba,mm@example.com,Fox
294,Musonda,Mwemba,mm@example.com,Fox
294,Musonda,Mwemba,mm@example.com,Fox
724,Albert,Rashidah,ah@example.com,Central College of Science
724,Albert,Rashidah,ah@example.com,Central College of Science
724,Albert,Rashidah,ah@example.com,Central College of Science
724,Albert,Rashidah,ah@example.com,Central College of Science
724,Albert,Rashidah,ah@example.com,Central College of Science
724,Albert,Rashidah,ah@example.com,Central College of Science
724,Albert,Rashidah,ah@example.com,Central College of Science
724,Albert,Rashidah,ah@example.com,Central College of Science
724,Albert,Rashidah,ah@example.com,Central College of Science
724,Albert,Rashidah,ah@example.com,Central College of Science
724,Albert,Rashidah,ah@example.com,Central College of Science
724,Albert,Rashidah,ah@example.com,Central College of Science
724,Albert,Rashidah,ah@example.com,Central College of Science
724,Albert,Rashidah,ah@example.com,Central College of Science
724,Albert,Rashidah,ah@example.com,Central College of Science
724,Albert,Rashidah,ah@example.com,Central College of Science
724,Albert,Rashidah,ah@example.com,Central College of Science
724,Albert,Rashidah,ah@example.com,Central College of Science
724,Albert,Rashidah,ah@example.com,Central College of Science
724,Albert,Rashidah,ah@example.com,Central College of Science
724,Albert,Rashidah,ah@example.com,Central College of Science
724,Albert,Rashidah,ah@example.com,Central College of Science
724,Albert,Rashidah,ah@example.com,Central College of Science
724,Albert,Rashidah,ah@example.com,Central College of Science
724,Albert,Rashidah,ah@example.com,Central College of Science
724,Albert,Rashidah,ah@example.com,Central College of Science
724,Albert,Rashidah,ah@example.com,Central College of Science
724,Albert,Rashidah,ah@example.com,Central College of Science
724,Albert,Rashidah,ah@example.com,Central College of Science
724,Albert,Rashidah,ah@example.com,Central College of Science
724,Albert,Rashidah,ah@example.com,Central College of Science
724,Albert,Rashidah,ah@example.com,Central College of Science
724,Albert,Rashidah,ah@example.com,Central College of Science
724,Albert,Rashidah,ah@example.com,Central College of Science
724,Albert,Rashidah,ah@example.com,Central College of Science
724,Albert,Rashidah,ah@example.com,Central College of Science
724,Albert,Rashidah,ah@example.com,Central College of Science
724,Albert,Rashidah,ah@example.com,Central College of Science
724,Albert,Rashidah,ah@example.com,Central College of Science
724,Albert,Rashidah,ah@example.com,Central College of Science
724,Albert,Rashidah,ah@example.com,Central College of Science
724,Albert,Rashidah,ah@example.com,Central College of Science
724,Albert,Rashidah,ah@example.com,Central College of Science
724,Albert,Rashidah,ah@example.com,Central College of Science
724,Albert,Rashidah,ah@example.com,Central College of Science
724,Albert,Rashidah,ah@example.com,Central College of Science
724,Albert,Rashidah,ah@example.com,Central College of Science
724,Albert,Rashidah,ah@example.com,Central College of Science
724,Albert,Rashidah,ah@example.com,Central College of Science
724,Albert,Rashidah,ah@example.com,Central College of Science
724,Albert,Rashidah,ah@example.com,Central College of Science
724,Albert,Rashidah,ah@example.com,Central College of Science
724,Albert,Rashidah,ah@example.com,Central College of Science
724,Albert,Rashidah,ah@example.com,Central College of Science
724,Albert,Rashidah,ah@example.com,Central College of Science
724,Albert,Rashidah,ah@example.com,Central College of Science
724,Albert,Rashidah,ah@example.com,Central College of Science
724,Albert,Rashidah,ah@example.com,Central College of Science
724,Albert,Rashidah,ah@example.com,Central College of Science
724,Albert,Rashidah,ah@example.com,Central College of Science
724,Albert,Rashidah,ah@example.com,Central College of Science
724,Albert,Rashidah,ah@example.com,Central College of Science
724,Albert,Rashidah,ah@example.com,Central College of Science
724,Albert,Rashidah,ah@example.com,Central College of Science
724,Albert,Rashidah,ah@example.com,Central College of Science
724,Albert,Rashidah,ah@example.com,Central College of Science
724,Albert,Rashidah,ah@example.com,Central College of Science
724,Albert,Rashidah,ah@example.com,Central College of Science
827,Chilekwa,Sherry,vs@example.com,Navdanya
827,Chilekwa,Sherry,vs@example.com,Navdanya
827,Chilekwa,Sherry,vs@example.com,Navdanya
827,Chilekwa,Sherry,vs@example.com,Navdanya
827,Chilekwa,Sherry,vs@example.com,Navdanya
827,Chilekwa,Sherry,vs@example.com,Navdanya
827,Chilekwa,Sherry,vs@example.com,Navdanya
827,Chilekwa,Sherry,vs@example.com,Navdanya
827,Chilekwa,Sherry,vs@example.com,Navdanya
827,Chilekwa,Sherry,vs@example.com,Navdanya
827,Chilekwa,Sherry,vs@example.com,Navdanya
827,Chilekwa,Sherry,vs@example.com,Navdanya
827,Chilekwa,Sherry,vs@example.com,Navdanya
827,Chilekwa,Sherry,vs@example.com,Navdanya
827,Chilekwa,Sherry,vs@example.com,Navdanya
827,Chilekwa,Sherry,vs@example.com,Navdanya
827,Chilekwa,Sherry,vs@example.com,Navdanya
827,Chilekwa,Sherry,vs@example.com,Navdanya
827,Chilekwa,Sherry,vs@example.com,Navdanya
827,Chilekwa,Sherry,vs@example.com,Navdanya
827,Chilekwa,Sherry,vs@example.com,Navdanya
827,Chilekwa,Sherry,vs@example.com,Navdanya
827,Chilekwa,Sherry,vs@example.com,Navdanya
827,Chilekwa,Sherry,vs@example.com,Navdanya
827,Chilekwa,Sherry,vs@example.com,Navdanya
827,Chilekwa,Sherry,vs@example.com,Navdanya
827,Chilekwa,Sherry,vs@example.com,Navdanya
827,Chilekwa,Sherry,vs@example.com,Navdanya
827,Chilekwa,Sherry,vs@example.com,Navdanya
827,Chilekwa,Sherry,vs@example.com,Navdanya
827,Chilekwa,Sherry,vs@example.com,Navdanya
827,Chilekwa,Sherry,vs@example.com,Navdanya
827,Chilekwa,Sherry,vs@example.com,Navdanya
827,Chilekwa,Sherry,vs@example.com,Navdanya
827,Chilekwa,Sherry,vs@example.com,Navdanya
827,Chilekwa,Sherry,vs@example.com,Navdanya
827,Chilekwa,Sherry,vs@example.com,Navdanya
827,Chilekwa,Sherry,vs@example.com,Navdanya
827,Chilekwa,Sherry,vs@example.com,Navdanya
827,Chilekwa,Sherry,vs@example.com,Navdanya
827,Chilekwa,Sherry,vs@example.com,Navdanya
827,Chilekwa,Sherry,vs@example.com,Navdanya
827,Chilekwa,Sherry,vs@example.com,Navdanya
827,Chilekwa,Sherry,vs@example.com,Navdanya
827,Chilekwa,Sherry,vs@example.com,Navdanya
827,Chilekwa,Sherry,vs@example.com,Navdanya
827,Chilekwa,Sherry,vs@example.com,Navdanya
827,Chilekwa,Sherry,vs@example.com,Navdanya
827,Chilekwa,Sherry,vs@example.com,Navdanya
827,Chilekwa,Sherry,vs@example.com,Navdanya
827,Chilekwa,Sherry,vs@example.com,Navdanya
827,Chilekwa,Sherry,vs@example.com,Navdanya
827,Chilekwa,Sherry,vs@example.com,Navdanya
827,Chilekwa,Sherry,vs@example.com,Navdanya
827,Chilekwa,Sherry,vs@example.com,Navdanya
827,Chilekwa,Sherry,vs@example.com,Navdanya
827,Chilekwa,Sherry,vs@example.com,Navdanya
827,Chilekwa,Sherry,vs@example.com,Navdanya
827,Chilekwa,Sherry,vs@example.com,Navdanya
827,Chilekwa,Sherry,vs@example.com,Navdanya
827,Chilekwa,Sherry,vs@example.com,Navdanya
827,Chilekwa,Sherry,vs@example.com,Navdanya
827,Chilekwa,Sherry,vs@example.com,Navdanya
827,Chilekwa,Sherry,vs@example.com,Navdanya
827,Chilekwa,Sherry,vs@example.com,Navdanya
827,Chilekwa,Sherry,vs@example.com,Navdanya
827,Chilekwa,Sherry,vs@example.com,Navdanya
827,Chilekwa,Sherry,vs@example.com,Navdanya
2894,Shirley,Chisholm,sc@example.com,Choma Congress
2894,Shirley,Chisholm,sc@example.com,Choma Congress
2894,Shirley,Chisholm,sc@example.com,Choma Congress
2894,Shirley,Chisholm,sc@example.com,Choma Congress
2894,Shirley,Chisholm,sc@example.com,Choma Congress
2894,Shirley,Chisholm,sc@example.com,Choma Congress
2894,Shirley,Chisholm,sc@example.com,Choma Congress
2894,Shirley,Chisholm,sc@example.com,Choma Congress
2894,Shirley,Chisholm,sc@example.com,Choma Congress
2894,Shirley,Chisholm,sc@example.com,Choma Congress
2894,Shirley,Chisholm,sc@example.com,Choma Congress
2894,Shirley,Chisholm,sc@example.com,Choma Congress
2894,Shirley,Chisholm,sc@example.com,Choma Congress
2894,Shirley,Chisholm,sc@example.com,Choma Congress
2894,Shirley,Chisholm,sc@example.com,Choma Congress
2894,Shirley,Chisholm,sc@example.com,Choma Congress
2894,Shirley,Chisholm,sc@example.com,Choma Congress
2894,Shirley,Chisholm,sc@example.com,Choma Congress
2894,Shirley,Chisholm,sc@example.com,Choma Congress
2894,Shirley,Chisholm,sc@example.com,Choma Congress
2894,Shirley,Chisholm,sc@example.com,Choma Congress
2894,Shirley,Chisholm,sc@example.com,Choma Congress
2894,Shirley,Chisholm,sc@example.com,Choma Congress
2894,Shirley,Chisholm,sc@example.com,Choma Congress
2894,Shirley,Chisholm,sc@example.com,Choma Congress
2894,Shirley,Chisholm,sc@example.com,Choma Congress
2894,Shirley,Chisholm,sc@example.com,Choma Congress
2894,Shirley,Chisholm,sc@example.com,Choma Congress
2894,Shirley,Chisholm,sc@example.com,Choma Congress
2894,Shirley,Chisholm,sc@example.com,Choma Congress
2894,Shirley,Chisholm,sc@example.com,Choma Congress
2894,Shirley,Chisholm,sc@example.com,Choma Congress
2894,Shirley,Chisholm,sc@example.com,Choma Congress
2894,Shirley,Chisholm,sc@example.com,Choma Congress
2894,Shirley,Chisholm,sc@example.com,Choma Congress
2894,Shirley,Chisholm,sc@example.com,Choma Congress
2894,Shirley,Chisholm,sc@example.com,Choma Congress
2894,Shirley,Chisholm,sc@example.com,Choma Congress
2894,Shirley,Chisholm,sc@example.com,Choma Congress
2894,Shirley,Chisholm,sc@example.com,Choma Congress
2894,Shirley,Chisholm,sc@example.com,Choma Congress
2894,Shirley,Chisholm,sc@example.com,Choma Congress
2894,Shirley,Chisholm,sc@example.com,Choma Congress
2894,Shirley,Chisholm,sc@example.com,Choma Congress
2894,Shirley,Chisholm,sc@example.com,Choma Congress
2894,Shirley,Chisholm,sc@example.com,Choma Congress
2894,Shirley,Chisholm,sc@example.com,Choma Congress
2894,Shirley,Chisholm,sc@example.com,Choma Congress
2894,Shirley,Chisholm,sc@example.com,Choma Congress
2894,Shirley,Chisholm,sc@example.com,Choma Congress
2894,Shirley,Chisholm,sc@example.com,Choma Congress
2894,Shirley,Chisholm,sc@example.com,Choma Congress
2894,Shirley,Chisholm,sc@example.com,Choma Congress
2894,Shirley,Chisholm,sc@example.com,Choma Congress
2894,Shirley,Chisholm,sc@example.com,Choma Congress
2894,Shirley,Chisholm,sc@example.com,Choma Congress
2894,Shirley,Chisholm,sc@example.com,Choma Congress
2894,Shirley,Chisholm,sc@example.com,Choma Congress
2894,Shirley,Chisholm,sc@example.com,Choma Congress
2894,Shirley,Chisholm,sc@example.com,Choma Congress
2894,Shirley,Chisholm,sc@example.com,Choma Congress
2894,Shirley,Chisholm,sc@example.com,Choma Congress
2894,Shirley,Chisholm,sc@example.com,Choma Congress
2894,Shirley,Chisholm,sc@example.com,Choma Congress
2894,Shirley,Chisholm,sc@example.com,Choma Congress
2894,Shirley,Chisholm,sc@example.com,Choma Congress
2894,Shirley,Chisholm,sc@example.com,Choma Congress
2894,Shirley,Chisholm,sc@example.com,Choma Congress
5829,Jimmy,Buffet,jb@example.com,RCA
5829,Jimmy,Buffet,jb@example.com,RCA
5829,Jimmy,Buffet,jb@example.com,RCA
5829,Jimmy,Buffet,jb@example.com,RCA
5829,Jimmy,Buffet,jb@example.com,RCA
5829,Jimmy,Buffet,jb@example.com,RCA
5829,Jimmy,Buffet,jb@example.com,RCA
5829,Jimmy,Buffet,jb@example.com,RCA
5829,Jimmy,Buffet,jb@example.com,RCA
5829,Jimmy,Buffet,jb@example.com,RCA
5829,Jimmy,Buffet,jb@example.com,RCA
5829,Jimmy,Buffet,jb@example.com,RCA
5829,Jimmy,Buffet,jb@example.com,RCA
5829,Jimmy,Buffet,jb@example.com,RCA
5829,Jimmy,Buffet,jb@example.com,RCA
5829,Jimmy,Buffet,jb@example.com,RCA
5829,Jimmy,Buffet,jb@example.com,RCA
5829,Jimmy,Buffet,jb@example.com,RCA
5829,Jimmy,Buffet,jb@example.com,RCA
5829,Jimmy,Buffet,jb@example.com,RCA
5829,Jimmy,Buffet,jb@example.com,RCA
5829,Jimmy,Buffet,jb@example.com,RCA
5829,Jimmy,Buffet,jb@example.com,RCA
5829,Jimmy,Buffet,jb@example.com,RCA
5829,Jimmy,Buffet,jb@example.com,RCA
5829,Jimmy,Buffet,jb@example.com,RCA
5829,Jimmy,Buffet,jb@example.com,RCA
5829,Jimmy,Buffet,jb@example.com,RCA
5829,Jimmy,Buffet,jb@example.com,RCA
5829,Jimmy,Buffet,jb@example.com,RCA
5829,Jimmy,Buffet,jb@example.com,RCA
5829,Jimmy,Buffet,jb@example.com,RCA
5829,Jimmy,Buffet,jb@example.com,RCA
5829,Jimmy,Buffet,jb@example.com,RCA
5829,Jimmy,Buffet,jb@example.com,RCA
5829,Jimmy,Buffet,jb@example.com,RCA
5829,Jimmy,Buffet,jb@example.com,RCA
5829,Jimmy,Buffet,jb@example.com,RCA
5829,Jimmy,Buffet,jb@example.com,RCA
5829,Jimmy,Buffet,jb@example.com,RCA
5829,Jimmy,Buffet,jb@example.com,RCA
5829,Jimmy,Buffet,jb@example.com,RCA
5829,Jimmy,Buffet,jb@example.com,RCA
5829,Jimmy,Buffet,jb@example.com,RCA
5829,Jimmy,Buffet,jb@example.com,RCA
5829,Jimmy,Buffet,jb@example.com,RCA
5829,Jimmy,Buffet,jb@example.com,RCA
5829,Jimmy,Buffet,jb@example.com,RCA
5829,Jimmy,Buffet,jb@example.com,RCA
5829,Jimmy,Buffet,jb@example.com,RCA
5829,Jimmy,Buffet,jb@example.com,RCA
5829,Jimmy,Buffet,jb@example.com,RCA
5829,Jimmy,Buffet,jb@example.com,RCA
5829,Jimmy,Buffet,jb@example.com,RCA
5829,Jimmy,Buffet,jb@example.com,RCA
5829,Jimmy,Buffet,jb@example.com,RCA
5829,Jimmy,Buffet,jb@example.com,RCA
5829,Jimmy,Buffet,jb@example.com,RCA
5829,Jimmy,Buffet,jb@example.com,RCA
5829,Jimmy,Buffet,jb@example.com,RCA
5829,Jimmy,Buffet,jb@example.com,RCA
5829,Jimmy,Buffet,jb@example.com,RCA
5829,Jimmy,Buffet,jb@example.com,RCA
5829,Jimmy,Buffet,jb@example.com,RCA
5829,Jimmy,Buffet,jb@example.com,RCA
5829,Jimmy,Buffet,jb@example.com,RCA
5829,Jimmy,Buffet,jb@example.com,RCA
5829,Jimmy,Buffet,jb@example.com,RCA
9284,Presly,Kachepa,as@example.com,University of Monze
9284,Presly,Kachepa,as@example.com,University of Monze
9284,Presly,Kachepa,as@example.com,University of Monze
9284,Presly,Kachepa,as@example.com,University of Monze
9284,Presly,Kachepa,as@example.com,University of Monze
9284,Presly,Kachepa,as@example.com,University of Monze
9284,Presly,Kachepa,as@example.com,University of Monze
9284,Presly,Kachepa,as@example.com,University of Monze
9284,Presly,Kachepa,as@example.com,University of Monze
9284,Presly,Kachepa,as@example.com,University of Monze
9284,Presly,Kachepa,as@example.com,University of Monze
9284,Presly,Kachepa,as@example.com,University of Monze
9284,Presly,Kachepa,as@example.com,University of Monze
9284,Presly,Kachepa,as@example.com,University of Monze
9284,Presly,Kachepa,as@example.com,University of Monze
9284,Presly,Kachepa,as@example.com,University of Monze
9284,Presly,Kachepa,as@example.com,University of Monze
9284,Presly,Kachepa,as@example.com,University of Monze
9284,Presly,Kachepa,as@example.com,University of Monze
9284,Presly,Kachepa,as@example.com,University of Monze
9284,Presly,Kachepa,as@example.com,University of Monze
9284,Presly,Kachepa,as@example.com,University of Monze
9284,Presly,Kachepa,as@example.com,University of Monze
9284,Presly,Kachepa,as@example.com,University of Monze
9284,Presly,Kachepa,as@example.com,University of Monze
9284,Presly,Kachepa,as@example.com,University of Monze
9284,Presly,Kachepa,as@example.com,University of Monze
9284,Presly,Kachepa,as@example.com,University of Monze
9284,Presly,Kachepa,as@example.com,University of Monze
9284,Presly,Kachepa,as@example.com,University of Monze
9284,Presly,Kachepa,as@example.com,University of Monze
9284,Presly,Kachepa,as@example.com,University of Monze
9284,Presly,Kachepa,as@example.com,University of Monze
9284,Presly,Kachepa,as@example.com,University of Monze
9284,Presly,Kachepa,as@example.com,University of Monze
9284,Presly,Kachepa,as@example.com,University of Monze
9284,Presly,Kachepa,as@example.com,University of Monze
9284,Presly,Kachepa,as@example.com,University of Monze
9284,Presly,Kachepa,as@example.com,University of Monze
9284,Presly,Kachepa,as@example.com,University of Monze
9284,Presly,Kachepa,as@example.com,University of Monze
9284,Presly,Kachepa,as@example.com,University of Monze
9284,Presly,Kachepa,as@example.com,University of Monze
9284,Presly,Kachepa,as@example.com,University of Monze
9284,Presly,Kachepa,as@example.com,University of Monze
9284,Presly,Kachepa,as@example.com,University of Monze
9284,Presly,Kachepa,as@example.com,University of Monze
9284,Presly,Kachepa,as@example.com,University of Monze
9284,Presly,Kachepa,as@example.com,University of Monze
9284,Presly,Kachepa,as@example.com,University of Monze
9284,Presly,Kachepa,as@example.com,University of Monze
9284,Presly,Kachepa,as@example.com,University of Monze
9284,Presly,Kachepa,as@example.com,University of Monze
9284,Presly,Kachepa,as@example.com,University of Monze
9284,Presly,Kachepa,as@example.com,University of Monze
9284,Presly,Kachepa,as@example.com,University of Monze
9284,Presly,Kachepa,as@example.com,University of Monze
9284,Presly,Kachepa,as@example.com,University of Monze
9284,Presly,Kachepa,as@example.com,University of Monze
9284,Presly,Kachepa,as@example.com,University of Monze
9284,Presly,Kachepa,as@example.com,University of Monze
9284,Presly,Kachepa,as@example.com,University of Monze
9284,Presly,Kachepa,as@example.com,University of Monze
9284,Presly,Kachepa,as@example.com,University of Monze
9284,Presly,Kachepa,as@example.com,University of Monze
9284,Presly,Kachepa,as@example.com,University of Monze
9284,Presly,Kachepa,as@example.com,University of Monze
9284,Presly,Kachepa,as@example.com,University of Monze
30829,Cesar,Chavez,cc@example.com,United Farm Workers
30829,Cesar,Chavez,cc@example.com,United Farm Workers
30829,Cesar,Chavez,cc@example.com,United Farm Workers
30829,Cesar,Chavez,cc@example.com,United Farm Workers
30829,Cesar,Chavez,cc@example.com,United Farm Workers
30829,Cesar,Chavez,cc@example.com,United Farm Workers
30829,Cesar,Chavez,cc@example.com,United Farm Workers
30829,Cesar,Chavez,cc@example.com,United Farm Workers
30829,Cesar,Chavez,cc@example.com,United Farm Workers
30829,Cesar,Chavez,cc@example.com,United Farm Workers
30829,Cesar,Chavez,cc@example.com,United Farm Workers
30829,Cesar,Chavez,cc@example.com,United Farm Workers
30829,Cesar,Chavez,cc@example.com,United Farm Workers
30829,Cesar,Chavez,cc@example.com,United Farm Workers
30829,Cesar,Chavez,cc@example.com,United Farm Workers
30829,Cesar,Chavez,cc@example.com,United Farm Workers
30829,Cesar,Chavez,cc@example.com,United Farm Workers
30829,Cesar,Chavez,cc@example.com,United Farm Workers
30829,Cesar,Chavez,cc@example.com,United Farm Workers
30829,Cesar,Chavez,cc@example.com,United Farm Workers
30829,Cesar,Chavez,cc@example.com,United Farm Workers
30829,Cesar,Chavez,cc@example.com,United Farm Workers
30829,Cesar,Chavez,cc@example.com,United Farm Workers
30829,Cesar,Chavez,cc@example.com,United Farm Workers
30829,Cesar,Chavez,cc@example.com,United Farm Workers
30829,Cesar,Chavez,cc@example.com,United Farm Workers
30829,Cesar,Chavez,cc@example.com,United Farm Workers
30829,Cesar,Chavez,cc@example.com,United Farm Workers
30829,Cesar,Chavez,cc@example.com,United Farm Workers
30829,Cesar,Chavez,cc@example.com,United Farm Workers
30829,Cesar,Chavez,cc@example.com,United Farm Workers
30829,Cesar,Chavez,cc@example.com,United Farm Workers
30829,Cesar,Chavez,cc@example.com,United Farm Workers
30829,Cesar,Chavez,cc@example.com,United Farm Workers
30829,Cesar,Chavez,cc@example.com,United Farm Workers
30829,Cesar,Chavez,cc@example.com,United Farm Workers
30829,Cesar,Chavez,cc@example.com,United Farm Workers
30829,Cesar,Chavez,cc@example.com,United Farm Workers
30829,Cesar,Chavez,cc@example.com,United Farm Workers
30829,Cesar,Chavez,cc@example.com,United Farm Workers
30829,Cesar,Chavez,cc@example.com,United Farm Workers
30829,Cesar,Chavez,cc@example.com,United Farm Workers
30829,Cesar,Chavez,cc@example.com,United Farm Workers
30829,Cesar,Chavez,cc@example.com,United Farm Workers
30829,Cesar,Chavez,cc@example.com,United Farm Workers
30829,Cesar,Chavez,cc@example.com,United Farm Workers
30829,Cesar,Chavez,cc@example.com,United Farm Workers
30829,Cesar,Chavez,cc@example.com,United Farm Workers
30829,Cesar,Chavez,cc@example.com,United Farm Workers
30829,Cesar,Chavez,cc@example.com,United Farm Workers
30829,Cesar,Chavez,cc@example.com,United Farm Workers
30829,Cesar,Chavez,cc@example.com,United Farm Workers
30829,Cesar,Chavez,cc@example.com,United Farm Workers
30829,Cesar,Chavez,cc@example.com,United Farm Workers
30829,Cesar,Chavez,cc@example.com,United Farm Workers
30829,Cesar,Chavez,cc@example.com,United Farm Workers
30829,Cesar,Chavez,cc@example.com,United Farm Workers
30829,Cesar,Chavez,cc@example.com,United Farm Workers
30829,Cesar,Chavez,cc@example.com,United Farm Workers
30829,Cesar,Chavez,cc@example.com,United Farm Workers
30829,Cesar,Chavez,cc@example.com,United Farm Workers
30829,Cesar,Chavez,cc@example.com,United Farm Workers
30829,Cesar,Chavez,cc@example.com,United Farm Workers
30829,Cesar,Chavez,cc@example.com,United Farm Workers
30829,Cesar,Chavez,cc@example.com,United Farm Workers
30829,Cesar,Chavez,cc@example.com,United Farm Workers
30829,Cesar,Chavez,cc@example.com,United Farm Workers
30829,Cesar,Chavez,cc@example.com,United Farm Workers
